﻿<parameters>
  <parameter name="IIS Web Application Name" defaultValue="comprasv2" tags="IisApp">
    <parameterEntry kind="ProviderPath" scope="IisApp" match="^C:\\Users\\ManuelJaredLinaresFr\\Source\\Repos\\Manuel-Linares\\Compras-2022\\obj\\Release\\Package\\PackageTmp$" />
    <parameterEntry kind="ProviderPath" scope="setAcl" match="^C:\\Users\\ManuelJaredLinaresFr\\Source\\Repos\\Manuel-Linares\\Compras-2022\\obj\\Release\\Package\\PackageTmp$" />
  </parameter>
  <parameter name="cnnCompras-Web.config Connection String" defaultValue="Data Source=controlsit.mx;Initial Catalog=controls_Compras_2020;User id= controls_control ; Password=Godinez*19;Convert Zero Datetime=True;">
    <parameterEntry kind="XmlFile" scope="C:\\Users\\ManuelJaredLinaresFr\\Source\\Repos\\Manuel-Linares\\Compras-2022\\obj\\Release\\Package\\PackageTmp\\Web\.config$" match="/configuration/connectionStrings/add[@name='cnnCompras']/@connectionString" />
  </parameter>
  <parameter name="con-Web.config Connection String" defaultValue="server=controlsit.mx;database=controls_Compras_2020;uid=controls_control;pwd=Godinez*19;Convert Zero Datetime=True;">
    <parameterEntry kind="XmlFile" scope="C:\\Users\\ManuelJaredLinaresFr\\Source\\Repos\\Manuel-Linares\\Compras-2022\\obj\\Release\\Package\\PackageTmp\\Web\.config$" match="/configuration/connectionStrings/add[@name='con']/@connectionString" />
  </parameter>
</parameters>